{"RawColumnNameToOnnxNameMap": {"age": "age", "job": "job", "marital": "marital", "education": "education", "default": "default", "housing": "housing", "loan": "loan", "contact": "contact", "month": "month", "day_of_week": "day_of_week", "duration": "duration", "campaign": "campaign", "pdays": "pdays", "previous": "previous", "poutcome": "poutcome", "emp.var.rate": "emp_var_rate", "cons.price.idx": "cons_price_idx", "cons.conf.idx": "cons_conf_idx", "euribor3m": "euribor3m", "nr.employed": "nr_employed"}, "InputRawColumnSchema": {"age": "integer", "job": "string", "marital": "string", "education": "string", "default": "string", "housing": "string", "loan": "string", "contact": "string", "month": "string", "day_of_week": "string", "duration": "integer", "campaign": "integer", "pdays": "integer", "previous": "integer", "poutcome": "string", "emp.var.rate": "floating", "cons.price.idx": "floating", "cons.conf.idx": "floating", "euribor3m": "floating", "nr.employed": "floating"}, "InputOnnxColumnSchema": {"age": "Int64TensorType", "job": "StringTensorType", "marital": "StringTensorType", "education": "StringTensorType", "default": "StringTensorType", "housing": "StringTensorType", "loan": "StringTensorType", "contact": "StringTensorType", "month": "StringTensorType", "day_of_week": "StringTensorType", "duration": "Int64TensorType", "campaign": "Int64TensorType", "pdays": "Int64TensorType", "previous": "Int64TensorType", "poutcome": "StringTensorType", "emp_var_rate": "FloatTensorType", "cons_price_idx": "FloatTensorType", "cons_conf_idx": "FloatTensorType", "euribor3m": "FloatTensorType", "nr_employed": "FloatTensorType"}, "CanEnableBatchMode": true}